<?xml version="1.0" encoding="utf-8"?>
<layer-list xmlns:android="http://schemas.android.com/apk/res/android">
    <!-- Larger blue circle in back -->
    <item>
        <shape android:shape="oval">
            <solid android:color="#FFF"/>
            <size
                android:width="30dp"
                android:height="30dp"/>
        </shape>
    </item>
    <!-- Smaller red circle in front -->
    <item>
        <shape android:shape="oval">
            <!-- transparent stroke = larger_circle_size - smaller_circle_size -->
            <stroke android:color="@android:color/transparent"
                android:width="26dp"/>
            <solid android:color="#000"/>
            <size
                android:width="30dp"
                android:height="30dp"/>
        </shape>
    </item>
</layer-list>